id,title,score,num_comments,author,created_utc,url,over_18,edited,spoiler,stickied
1bqmq9c,Anyone else struggling to keep up?,70,43,TheNirvanaSeeker,2024-03-29 11:16:38,https://www.reddit.com/r/dataengineering/comments/1bqmq9c/anyone_else_struggling_to_keep_up/,False,False,False,False
1bqfb2c,What data architecture is most widely used right now,55,62,richhoods,2024-03-29 03:29:53,https://www.reddit.com/r/dataengineering/comments/1bqfb2c/what_data_architecture_is_most_widely_used_right/,False,False,False,False
1bqgeay,If you had to setup a data engineering team from scratch for a startup what kind of people would you hire and what stack would you use,35,25,Eastern-Education-31,2024-03-29 04:25:48,https://www.reddit.com/r/dataengineering/comments/1bqgeay/if_you_had_to_setup_a_data_engineering_team_from/,False,False,False,False
1bqouxq,amazed by new technology,24,19,Great_Tourist_xxxx,2024-03-29 13:07:41,https://www.reddit.com/r/dataengineering/comments/1bqouxq/amazed_by_new_technology/,False,False,False,False
1bqszme,How would you learn data engineering today within a 6 month sprint period? ,13,31,StatLord1,2024-03-29 16:07:00,https://www.reddit.com/r/dataengineering/comments/1bqszme/how_would_you_learn_data_engineering_today_within/,False,False,False,False
1bqiruk,What is the importance of A/B testing in data engineer jobs?,10,4,Laurence-Lin,2024-03-29 06:53:44,https://www.reddit.com/r/dataengineering/comments/1bqiruk/what_is_the_importance_of_ab_testing_in_data/,False,False,False,False
1bqyj44,"UPDATE: Avro slower than Parquet for frequent writes, but why?",6,5,rental_car_abuse,2024-03-29 20:21:05,https://www.reddit.com/r/dataengineering/comments/1bqyj44/update_avro_slower_than_parquet_for_frequent/,False,False,False,False
1bquxtu,What big data file types do you use for unstructured data?,5,12,rental_car_abuse,2024-03-29 17:27:59,https://www.reddit.com/r/dataengineering/comments/1bquxtu/what_big_data_file_types_do_you_use_for/,False,False,False,False
1bqt78u,Date control logic in a PySpark architecture: better alternatives?,6,8,knightfall0,2024-03-29 16:16:05,https://www.reddit.com/r/dataengineering/comments/1bqt78u/date_control_logic_in_a_pyspark_architecture/,False,False,False,False
1bqmmfk,Dbt and data quality,5,6,Live-Progress-6255,2024-03-29 11:10:33,https://www.reddit.com/r/dataengineering/comments/1bqmmfk/dbt_and_data_quality/,False,False,False,False
1br2c2e,What would you learn if you were to start all  DE again ?,5,3,bhumik98,2024-03-29 23:06:04,https://www.reddit.com/r/dataengineering/comments/1br2c2e/what_would_you_learn_if_you_were_to_start_all_de/,False,False,False,False
1br02y0,Seeking advice for my position ,4,1,jails78,2024-03-29 21:35:08,https://www.reddit.com/r/dataengineering/comments/1br02y0/seeking_advice_for_my_position/,False,False,False,False
1bqpk6a,Whatâ€™s your experience with Policy based access management? Any tips,4,0,ImpactOk7137,2024-03-29 13:40:43,https://www.reddit.com/r/dataengineering/comments/1bqpk6a/whats_your_experience_with_policy_based_access/,False,False,False,False
1bqiwgl,How to turn into Data Engineer from Backend Developer,4,9,Moonwallker93,2024-03-29 07:02:07,https://www.reddit.com/r/dataengineering/comments/1bqiwgl/how_to_turn_into_data_engineer_from_backend/,False,False,False,False
1br47wf,Opportunity for a free voucher on data certifications,4,1,Luan_Teles,2024-03-30 00:26:25,https://www.reddit.com/r/dataengineering/comments/1br47wf/opportunity_for_a_free_voucher_on_data/,False,False,False,False
1bquu9l,Confused on Data Pipeline Orchestration,3,1,EarthEmbarrassed4301,2024-03-29 17:23:56,https://www.reddit.com/r/dataengineering/comments/1bquu9l/confused_on_data_pipeline_orchestration/,False,False,False,False
1bqrukz,Seeking advice on warehouse-native marketing tools,3,0,Infinite-ScienceGuy,2024-03-29 15:19:49,https://www.reddit.com/r/dataengineering/comments/1bqrukz/seeking_advice_on_warehousenative_marketing_tools/,False,False,False,False
1br0onj,What would you call the collections of data loaded between 'refreshes'?,2,2,evantahler,2024-03-29 21:59:14,https://www.reddit.com/r/dataengineering/comments/1br0onj/what_would_you_call_the_collections_of_data/,False,False,False,False
1bqu4iw,On request ML endpoint?,2,0,johnnypetr93,2024-03-29 16:54:10,https://www.reddit.com/r/dataengineering/comments/1bqu4iw/on_request_ml_endpoint/,False,False,False,False
1bqsyyc,Amazon AppFloww,2,0,lkcampos,2024-03-29 16:06:13,https://www.reddit.com/r/dataengineering/comments/1bqsyyc/amazon_appfloww/,False,False,False,False
1bqslqn,How do a data scientist should expand into MlOps / Data Engineering? ,2,1,SuchShopping3828,2024-03-29 15:51:01,https://www.reddit.com/r/dataengineering/comments/1bqslqn/how_do_a_data_scientist_should_expand_into_mlops/,False,False,False,False
1bqs661,What are your teams using for Data Security?,2,1,crhumble,2024-03-29 15:32:58,https://www.reddit.com/r/dataengineering/comments/1bqs661/what_are_your_teams_using_for_data_security/,False,False,False,False
1bqrjlo,Questions regarding work based Architecture,2,0,youareafakenews,2024-03-29 15:06:48,https://www.reddit.com/r/dataengineering/comments/1bqrjlo/questions_regarding_work_based_architecture/,False,False,False,False
1bqq986,Alternative tools like Talend and Data warehouse tools,2,2,Leading_Algae5772,2024-03-29 14:11:34,https://www.reddit.com/r/dataengineering/comments/1bqq986/alternative_tools_like_talend_and_data_warehouse/,False,False,False,False
1bqoram,Career Question. Very Unsure and Confused on Route. Please Help! :),2,2,Much_Cherry_1347,2024-03-29 13:03:01,https://www.reddit.com/r/dataengineering/comments/1bqoram/career_question_very_unsure_and_confused_on_route/,False,False,False,False
1bqmmj6,Metadata columns you've found useful in raw/landing tables,2,5,levintennine,2024-03-29 11:10:43,https://www.reddit.com/r/dataengineering/comments/1bqmmj6/metadata_columns_youve_found_useful_in_rawlanding/,False,False,False,False
1bqjxth,Trying to create a local development environment using Docker,2,9,NarrowInflation6147,2024-03-29 08:15:34,https://www.reddit.com/r/dataengineering/comments/1bqjxth/trying_to_create_a_local_development_environment/,False,False,False,False
1bqi1dm,Databricks from Dev to UAT Env,2,1,Curious_Gur9574,2024-03-29 06:04:46,https://www.reddit.com/r/dataengineering/comments/1bqi1dm/databricks_from_dev_to_uat_env/,False,False,False,False
1bqgoas,Senior members here - > Please guide !,2,3,Illustrious_Role_304,2024-03-29 04:41:25,https://www.reddit.com/r/dataengineering/comments/1bqgoas/senior_members_here_please_guide/,False,False,False,False
1bqda0i,Academic Research: ChatGPT data analysis and insight generation,2,5,Better_Invite6585,2024-03-29 01:50:52,https://www.reddit.com/r/dataengineering/comments/1bqda0i/academic_research_chatgpt_data_analysis_and/,False,False,False,False
1br3cm4,Accumulating Fact Table,1,1,Accomplished-Ad-2407,2024-03-29 23:48:28,https://www.reddit.com/r/dataengineering/comments/1br3cm4/accumulating_fact_table/,False,False,False,False
1br0tfk,"What's more important for growth, the tools or business impact?",1,7,date_uh,2024-03-29 22:04:18,https://www.reddit.com/r/dataengineering/comments/1br0tfk/whats_more_important_for_growth_the_tools_or/,False,False,False,False
1bqxv9a,Data Reconciliation Stack,1,4,mini-velo,2024-03-29 19:46:54,https://www.reddit.com/r/dataengineering/comments/1bqxv9a/data_reconciliation_stack/,False,False,False,False
1bqx848,How to integrate Databricks Unity Catalog with AWS Glue Catalog?,1,0,mccarthycodes,2024-03-29 19:10:23,https://www.reddit.com/r/dataengineering/comments/1bqx848/how_to_integrate_databricks_unity_catalog_with/,False,False,False,False
1bquanx,Looking for Advice: File Types and Sizes Specifically Working with Azure Data Factory/Data Lake Storage Gen2,1,3,bonesclarke84,2024-03-29 17:01:12,https://www.reddit.com/r/dataengineering/comments/1bquanx/looking_for_advice_file_types_and_sizes/,False,False,False,False
1bqu6y3,"L-L-M-M-L-O-P-S, what are y'all doing?",1,1,BoiElroy,2024-03-29 16:57:00,https://www.reddit.com/r/dataengineering/comments/1bqu6y3/llmmlops_what_are_yall_doing/,False,False,False,False
1bqu5zm,On request ML endpoint?,1,0,johnnypetr93,2024-03-29 16:55:53,https://www.reddit.com/r/dataengineering/comments/1bqu5zm/on_request_ml_endpoint/,False,False,False,False
1bqrjca,Data infrastructure for a small company (Azure?),1,14,ivan3L,2024-03-29 15:06:30,https://www.reddit.com/r/dataengineering/comments/1bqrjca/data_infrastructure_for_a_small_company_azure/,False,False,False,False
1bqpk6g,Strategy for batching Redshift to Postgres,1,1,NoUsernames1eft,2024-03-29 13:40:44,https://www.reddit.com/r/dataengineering/comments/1bqpk6g/strategy_for_batching_redshift_to_postgres/,False,False,False,False
1bqmrmg,Business Process Automation,1,0,t2nanoflex,2024-03-29 11:18:54,https://www.reddit.com/r/dataengineering/comments/1bqmrmg/business_process_automation/,False,False,False,False
1bqlknr,Iam currently trying to setup a realtime pipeline in which i will read from kafka and write into iceberg table using spark structure streaming. Currently iam using Hudi but iam not able to see much documentation on spark structure streaming using iceberg. Anyone who is using iceberg with spark?,1,0,Potential_Bet9952,2024-03-29 10:05:04,https://www.reddit.com/r/dataengineering/comments/1bqlknr/iam_currently_trying_to_setup_a_realtime_pipeline/,False,False,False,False
1bqjb2u,Aggregating hdfs data using spark streaming ,1,0,ps2931,2024-03-29 07:30:35,https://www.reddit.com/r/dataengineering/comments/1bqjb2u/aggregating_hdfs_data_using_spark_streaming/,False,False,False,False
1bqyquj,"What is the difference between the data engineer role and ML, devops, MLops, infra engineer roles?",0,3,True_Ad_98,2024-03-29 20:33:36,https://www.reddit.com/r/dataengineering/comments/1bqyquj/what_is_the_difference_between_the_data_engineer/,False,False,False,False
1bqy71y,Is Azure Data Factory not designed to move large .csv files?,0,8,Y2KLMNOP,2024-03-29 20:02:39,https://www.reddit.com/r/dataengineering/comments/1bqy71y/is_azure_data_factory_not_designed_to_move_large/,False,False,False,False
1bqfuk9,Understanding Google Cloud AlloyDB Pricing,0,0,adelablue1226,2024-03-29 03:57:44,https://www.bytebase.com/blog/understanding-google-alloydb-pricing/,False,False,False,False
1bqnpds,Sell data warehouse to small business,0,6,Jealous-Bat-7812,2024-03-29 12:10:02,https://www.reddit.com/r/dataengineering/comments/1bqnpds/sell_data_warehouse_to_small_business/,False,False,False,False
1bqgvk0,How to build my own data lake setup?,0,5,Tumbleweed-Afraid,2024-03-29 04:52:35,https://www.reddit.com/r/dataengineering/comments/1bqgvk0/how_to_build_my_own_data_lake_setup/,False,False,False,False
